Workbook

Sheet PR_votes
A1: SYM | B1: Party | C1: Votes | D1: Logo_URL
A2: =_xlfn.IMAGE(D2, "Logo: राष्ट्रिय स्वतन्त्र पार्टी", 1) | B2: राष्ट्रिय स्वतन्त्र पार्टी | C2: 4684090 | D2: https://result.election.gov.np/Images/symbol-hor-pa/2528.jpg
A3: =_xlfn.IMAGE(D3, "Logo: राष्ट्रिय स्वतन्त्र पार्टी", 1) | B3: नेपाली काँग्रेस | C3: 1576440 | D3: https://result.election.gov.np/Images/symbol-hor-pa/2583.jpg
A4: =_xlfn.IMAGE(D4, "Logo: राष्ट्रिय स्वतन्त्र पार्टी", 1) | B4: नेपाल कम्युनिष्ट पार्टी (एकीकृत मार्क्सवादी लेनिनवादी) | C4: 1314367 | D4: https://result.election.gov.np/Images/symbol-hor-pa/2598.jpg
A5: =_xlfn.IMAGE(D5, "Logo: राष्ट्रिय स्वतन्त्र पार्टी", 1) | B5: नेपाली कम्युनिष्ट पार्टी | C5: 708602 | D5: https://result.election.gov.np/Images/symbol-hor-pa/2557.jpg
A6: =_xlfn.IMAGE(D6, "Logo: राष्ट्रिय स्वतन्त्र पार्टी", 1) | B6: श्रम संस्कृति पार्टी | C6: 332249 | D6: https://result.election.gov.np/Images/symbol-hor-pa/2501.jpg
A7: =_xlfn.IMAGE(D7, "Logo: राष्ट्रिय स्वतन्त्र पार्टी", 1) | B7: राष्ट्रिय प्रजातन्त्र पार्टी | C7: 309074 | D7: https://result.election.gov.np/Images/symbol-hor-pa/2604.jpg
A8: =_xlfn.IMAGE(D8, "Logo: राष्ट्रिय स्वतन्त्र पार्टी", 1) | B8: जनता समाजवादी पार्टी, नेपाल | C8: 156299 | D8: https://result.election.gov.np/Images/symbol-hor-pa/2542.jpg
A9: =_xlfn.IMAGE(D9, "Logo: राष्ट्रिय स्वतन्त्र पार्टी", 1) | B9: राष्ट्रिय परिवर्तन पार्टी | C9: 150505 | D9: https://result.election.gov.np/Images/symbol-hor-pa/2568.jpg
A10: =_xlfn.IMAGE(D10, "Logo: राष्ट्रिय स्वतन्त्र पार्टी", 1) | B10: जनमत पार्टी | C10: 69906 | D10: https://result.election.gov.np/Images/symbol-hor-pa/2585.jpg
A11: =_xlfn.IMAGE(D11, "Logo: राष्ट्रिय स्वतन्त्र पार्टी", 1) | B11: एकल चिन्ह चकिया (जाँतो) (राष्ट्रिय मुक्ति पार्टी नेपाल/जनता समाजवादी पार्टी/नागरिक उन्मुक्ति पार्टी, नेपाल) | C11: 56210 | D11: https://result.election.gov.np/Images/symbol-hor-pa/2531.jpg
A12: =_xlfn.IMAGE(D12, "Logo: राष्ट्रिय स्वतन्त्र पार्टी", 1) | B12: नेपाल मजदुर किसान पार्टी | C12: 41231 | D12: https://result.election.gov.np/Images/symbol-hor-pa/2578.jpg
A13: =_xlfn.IMAGE(D13, "Logo: राष्ट्रिय स्वतन्त्र पार्टी", 1) | B13: राष्ट्र निर्माण दल नेपाल | C13: 33587 | D13: https://result.election.gov.np/Images/symbol-hor-pa/2527.jpg
... A58: =_xlfn.IMAGE(D58, "Logo: राष्ट्रिय स्वतन्त्र पार्टी", 1) | B58: त्रिमुल नेपाल | C58: 591 | D58: https://result.election.gov.np/Images/symbol-hor-pa/2505.jpg

Sheet Summary
A1: Logo | B1: Party | C1: Votes | D1: Vote % of (Total Votes) | E1: Is Eligible? | F1: Eligible Votes | G1: Vote % of (Eligible Votes) | H1: No. of Seats (Populate from App)
A2: =PR_votes!A2 | B2: =PR_votes!B2 | C2: =PR_votes!C2 | D2: =C2/$C$59 | E2: =IF(D2>0.03,TRUE, FALSE) | F2: =IF(E2=TRUE,C2,0) | G2: =F2/$F$59 | H2: 58
A3: =PR_votes!A3 | B3: =PR_votes!B3 | C3: =PR_votes!C3 | D3: =C3/$C$59 | E3: =IF(D3>0.03,TRUE, FALSE) | F3: =IF(E3=TRUE,C3,0) | G3: =F3/$F$59 | H3: 19
A4: =PR_votes!A4 | B4: =PR_votes!B4 | C4: =PR_votes!C4 | D4: =C4/$C$59 | E4: =IF(D4>0.03,TRUE, FALSE) | F4: =IF(E4=TRUE,C4,0) | G4: =F4/$F$59 | H4: 16
A5: =PR_votes!A5 | B5: =PR_votes!B5 | C5: =PR_votes!C5 | D5: =C5/$C$59 | E5: =IF(D5>0.03,TRUE, FALSE) | F5: =IF(E5=TRUE,C5,0) | G5: =F5/$F$59 | H5: 9
A6: =PR_votes!A6 | B6: =PR_votes!B6 | C6: =PR_votes!C6 | D6: =C6/$C$59 | E6: =IF(D6>0.03,TRUE, FALSE) | F6: =IF(E6=TRUE,C6,0) | G6: =F6/$F$59 | H6: 4
A7: =PR_votes!A7 | B7: =PR_votes!B7 | C7: =PR_votes!C7 | D7: =C7/$C$59 | E7: =IF(D7>0.03,TRUE, FALSE) | F7: =IF(E7=TRUE,C7,0) | G7: =F7/$F$59 | H7: 4
A8: =PR_votes!A8 | B8: =PR_votes!B8 | C8: =PR_votes!C8 | D8: =C8/$C$59 | E8: =IF(D8>0.03,TRUE, FALSE) | F8: =IF(E8=TRUE,C8,0) | G8: =F8/$F$59 | H8: 0
A9: =PR_votes!A9 | B9: =PR_votes!B9 | C9: =PR_votes!C9 | D9: =C9/$C$59 | E9: =IF(D9>0.03,TRUE, FALSE) | F9: =IF(E9=TRUE,C9,0) | G9: =F9/$F$59 | H9: 0
A10: =PR_votes!A10 | B10: =PR_votes!B10 | C10: =PR_votes!C10 | D10: =C10/$C$59 | E10: =IF(D10>0.03,TRUE, FALSE) | F10: =IF(E10=TRUE,C10,0) | G10: =F10/$F$59 | H10: 0
A11: =PR_votes!A11 | B11: =PR_votes!B11 | C11: =PR_votes!C11 | D11: =C11/$C$59 | E11: =IF(D11>0.03,TRUE, FALSE) | F11: =IF(E11=TRUE,C11,0) | G11: =F11/$F$59 | H11: 0
A12: =PR_votes!A12 | B12: =PR_votes!B12 | C12: =PR_votes!C12 | D12: =C12/$C$59 | E12: =IF(D12>0.03,TRUE, FALSE) | F12: =IF(E12=TRUE,C12,0) | G12: =F12/$F$59 | H12: 0
A13: =PR_votes!A13 | B13: =PR_votes!B13 | C13: =PR_votes!C13 | D13: =C13/$C$59 | E13: =IF(D13>0.03,TRUE, FALSE) | F13: =IF(E13=TRUE,C13,0) | G13: =F13/$F$59 | H13: 0
... A58: =PR_votes!A58 | B58: =PR_votes!B58 | C58: =PR_votes!C58 | D58: =C58/$C$59 | E58: =IF(D58>0.03,TRUE, FALSE) | F58: =IF(E58=TRUE,C58,0) | G58: =F58/$F$59 | H58: 0
B59: Total | C59: =SUM(C2:C58) | F59: =SUM(F2:F58) | G59: =SUM(G2:G58) | H59: 0
